method,acceptance,discard,logical_error_rate,errors
closed boundary,1.000000,0.000000,2.294441e-03,605771464
closed boundary,0.999593,0.000407,2.105834e-03,555749994
closed boundary,0.999106,0.000894,1.773773e-03,467887550
closed boundary,0.998621,0.001379,1.568779e-03,413613209
closed boundary,0.998268,0.001732,1.400448e-03,369101778
closed boundary,0.998045,0.001955,1.319186e-03,347606745
closed boundary,0.997828,0.002172,1.249883e-03,329273751
closed boundary,0.997662,0.002338,1.199330e-03,315903502
closed boundary,0.997478,0.002522,1.151450e-03,303235676
closed boundary,0.997212,0.002788,1.054749e-03,277695302
closed boundary,0.996982,0.003018,9.999997e-04,263220252
closed boundary,0.996775,0.003225,9.541067e-04,251087947
closed boundary,0.996515,0.003485,8.964582e-04,235855416
closed boundary,0.996358,0.003642,8.640538e-04,227294089
closed boundary,0.996177,0.003823,8.323405e-04,218911986
closed boundary,0.996054,0.003946,8.097502e-04,212944301
closed boundary,0.995900,0.004100,7.898355e-04,207675127
closed boundary,0.995788,0.004212,7.711152e-04,202730083
closed boundary,0.995649,0.004351,7.545103e-04,198336928
closed boundary,0.995564,0.004436,7.404426e-04,194622211
closed boundary,0.995395,0.004605,7.246393e-04,190436069
closed boundary,0.995314,0.004686,7.117869e-04,187043200
closed boundary,0.995195,0.004805,6.913260e-04,181644853
closed boundary,0.995091,0.004909,6.745827e-04,177226952
closed boundary,0.994967,0.005033,6.556066e-04,172220110
closed boundary,0.994856,0.005144,6.405597e-04,168248801
closed boundary,0.994739,0.005261,6.253379e-04,164231339
closed boundary,0.994590,0.005410,6.097797e-04,160121271
closed boundary,0.994429,0.005571,5.925845e-04,155580841
closed boundary,0.994257,0.005743,5.771440e-04,151500707
closed boundary,0.993939,0.006061,5.590268e-04,146697991
closed boundary,0.993601,0.006399,5.423705e-04,142278756
closed boundary,0.993312,0.006688,5.237987e-04,137366817
closed boundary,0.993002,0.006998,4.877372e-04,127869747
closed boundary,0.992543,0.007457,4.535317e-04,118847232
closed boundary,0.991804,0.008196,4.152594e-04,108736967
closed boundary,0.990584,0.009416,3.547749e-04,92784673
closed boundary,0.989707,0.010293,3.215250e-04,84014343
closed boundary,0.988561,0.011439,2.859653e-04,74636052
closed boundary,0.987761,0.012239,2.519492e-04,65704778
closed boundary,0.987133,0.012867,2.349634e-04,61236115
closed boundary,0.986593,0.013407,2.205927e-04,57459416
closed boundary,0.986048,0.013952,2.065762e-04,53778705
closed boundary,0.985079,0.014921,1.900120e-04,49417848
closed boundary,0.984483,0.015517,1.796166e-04,46686008
closed boundary,0.983298,0.016702,1.654907e-04,42962603
closed boundary,0.982402,0.017598,1.528363e-04,39641294
closed boundary,0.981224,0.018776,1.390957e-04,36034117
closed boundary,0.979704,0.020296,1.215334e-04,31435647
closed boundary,0.978572,0.021428,1.084845e-04,28028020
closed boundary,0.977536,0.022464,9.940772e-05,25655763
closed boundary,0.976940,0.023060,9.367021e-05,24160239
closed boundary,0.976088,0.023912,8.624197e-05,22224891
closed boundary,0.975590,0.024410,8.230905e-05,21200545
closed boundary,0.975056,0.024944,7.875494e-05,20273992
closed boundary,0.973679,0.026321,7.579721e-05,19485021
closed boundary,0.973235,0.026765,7.262711e-05,18661588
closed boundary,0.972832,0.027168,7.013889e-05,18014772
closed boundary,0.972262,0.027738,6.695088e-05,17185866
closed boundary,0.971855,0.028145,6.518297e-05,16725050
closed boundary,0.971510,0.028490,6.351574e-05,16291482
closed boundary,0.971171,0.028829,6.186358e-05,15862170
closed boundary,0.970789,0.029211,5.920372e-05,15174200
closed boundary,0.970279,0.029721,5.698876e-05,14598819
closed boundary,0.969846,0.030154,5.571782e-05,14266867
closed boundary,0.969435,0.030565,5.426806e-05,13889772
closed boundary,0.969051,0.030949,5.303826e-05,13569626
closed boundary,0.968567,0.031433,5.099792e-05,13041099
closed boundary,0.967967,0.032033,4.896281e-05,12512924
closed boundary,0.967414,0.032586,4.776059e-05,12198708
closed boundary,0.966829,0.033171,4.643954e-05,11854129
closed boundary,0.966026,0.033974,4.413194e-05,11255738
closed boundary,0.964805,0.035195,4.162509e-05,10602947
closed boundary,0.963532,0.036468,3.944038e-05,10033189
closed boundary,0.961928,0.038072,3.602664e-05,9149516
closed boundary,0.959614,0.040386,3.240763e-05,8210619
closed boundary,0.957570,0.042430,2.974516e-05,7520019
closed boundary,0.956085,0.043915,2.829083e-05,7141252
closed boundary,0.954153,0.045847,2.631451e-05,6628957
closed boundary,0.950893,0.049107,2.383681e-05,5984280
closed boundary,0.947893,0.052107,2.193218e-05,5488743
closed boundary,0.945151,0.054849,2.061223e-05,5143491
closed boundary,0.939716,0.060284,1.778802e-05,4413225
closed boundary,0.931545,0.068455,1.558468e-05,3832957
closed boundary,0.927827,0.072173,1.303027e-05,3191922
closed boundary,0.923001,0.076999,1.129007e-05,2751254
closed boundary,0.919229,0.080771,9.403553e-06,2282169
closed boundary,0.915877,0.084123,7.992305e-06,1932596
closed boundary,0.913585,0.086415,7.071924e-06,1705762
closed boundary,0.911318,0.088682,6.367076e-06,1531941
closed boundary,0.907465,0.092535,5.932019e-06,1421230
closed boundary,0.905325,0.094675,5.595275e-06,1337389
closed boundary,0.902736,0.097264,5.297180e-06,1262517
closed boundary,0.901017,0.098983,4.946595e-06,1176715
closed boundary,0.898908,0.101092,4.396067e-06,1043306
closed boundary,0.897803,0.102197,4.100253e-06,971905
closed boundary,0.895284,0.104716,3.757923e-06,888261
closed boundary,0.888754,0.111246,3.551567e-06,833362
closed boundary,0.887404,0.112596,3.386235e-06,793360
closed boundary,0.886122,0.113878,3.276659e-06,766579
closed boundary,0.884627,0.115373,3.145045e-06,734546
closed boundary,0.883456,0.116544,3.058295e-06,713339
closed boundary,0.882534,0.117466,2.977651e-06,693805
closed boundary,0.881500,0.118500,2.893504e-06,673408
closed boundary,0.880509,0.119491,2.810414e-06,653335
closed boundary,0.879569,0.120431,2.748414e-06,638240
closed boundary,0.878269,0.121731,2.613064e-06,605912
closed boundary,0.876903,0.123097,2.513682e-06,581961
closed boundary,0.875461,0.124539,2.448713e-06,565987
closed boundary,0.874013,0.125987,2.328105e-06,537220
closed boundary,0.872372,0.127628,2.261820e-06,520945
closed boundary,0.870328,0.129672,2.182434e-06,501483
closed boundary,0.868317,0.131683,2.091663e-06,479515
closed boundary,0.866281,0.133719,1.996606e-06,456650
closed boundary,0.864083,0.135917,1.904624e-06,434507
closed boundary,0.861604,0.138396,1.794762e-06,408269
closed boundary,0.849885,0.150115,1.585278e-06,355711
closed boundary,0.847072,0.152928,1.521270e-06,340219
closed boundary,0.835347,0.164653,1.368709e-06,301863
closed boundary,0.820960,0.179040,1.188670e-06,257641
closed boundary,0.805949,0.194051,9.620452e-07,204708
closed boundary,0.795377,0.204623,7.685447e-07,161389
closed boundary,0.778182,0.221818,5.766373e-07,118472
closed boundary,0.746919,0.253081,4.150574e-07,81849
closed boundary,0.730762,0.269238,3.144189e-07,60662
closed boundary,0.718916,0.281084,2.784208e-07,52846
closed boundary,0.715161,0.284839,2.594871e-07,48995
closed boundary,0.710201,0.289799,2.385640e-07,44732
closed boundary,0.702956,0.297044,2.056388e-07,38165
closed boundary,0.699576,0.300424,1.919167e-07,35447
closed boundary,0.694564,0.305436,1.702560e-07,31221
closed boundary,0.685415,0.314585,1.436828e-07,26001
closed boundary,0.675940,0.324060,1.114817e-07,19895
closed boundary,0.669977,0.330023,1.032477e-07,18263
closed boundary,0.662914,0.337086,8.977800e-08,15713
closed boundary,0.659652,0.340348,8.196517e-08,14275
closed boundary,0.654116,0.345884,7.748796e-08,13382
closed boundary,0.648018,0.351982,4.933726e-08,8441
closed boundary,0.644948,0.355052,4.455671e-08,7587
closed boundary,0.641330,0.358670,3.543543e-08,6000
closed boundary,0.639425,0.360575,3.352700e-08,5660
closed boundary,0.633164,0.366836,2.900110e-08,4848
closed boundary,0.631536,0.368464,2.829619e-08,4718
closed boundary,0.629857,0.370143,2.740945e-08,4558
closed boundary,0.626556,0.373444,2.164168e-08,3580
closed boundary,0.619645,0.380355,1.588663e-08,2599
closed boundary,0.617333,0.382667,1.527734e-08,2490
closed boundary,0.615299,0.384701,1.479845e-08,2404
closed boundary,0.612829,0.387171,1.448726e-08,2344
closed boundary,0.611069,0.388931,1.402691e-08,2263
closed boundary,0.607793,0.392207,1.358528e-08,2180
closed boundary,0.605274,0.394726,1.325385e-08,2118
closed boundary,0.602338,0.397662,1.283425e-08,2041
closed boundary,0.592328,0.407672,9.048193e-09,1415
closed boundary,0.589224,0.410776,8.870878e-09,1380
closed boundary,0.580771,0.419229,8.223906e-09,1261
closed boundary,0.571238,0.428762,7.691468e-09,1160
closed boundary,0.558589,0.441411,7.187566e-09,1060
closed boundary,0.549146,0.450854,6.828350e-09,990
closed boundary,0.540800,0.459200,6.457463e-09,922
closed boundary,0.520291,0.479709,5.670993e-09,779
closed boundary,0.509198,0.490802,5.392863e-09,725
closed boundary,0.500424,0.499576,5.040858e-09,666
closed boundary,0.474925,0.525075,4.306622e-09,540
closed boundary,0.457735,0.542265,3.773278e-09,456
closed boundary,0.430186,0.569814,3.064018e-09,348
closed boundary,0.413022,0.586978,2.806185e-09,306
closed boundary,0.389299,0.610701,2.257214e-09,232
closed boundary,0.376350,0.623650,2.043019e-09,203
closed boundary,0.355315,0.644685,1.598991e-09,150
closed boundary,0.344176,0.655824,1.353607e-09,123
closed boundary,0.334502,0.665498,1.234228e-09,109
closed boundary,0.328180,0.671820,1.131052e-09,98
closed boundary,0.326918,0.673082,1.089073e-09,94
closed boundary,0.323129,0.676871,1.043235e-09,89
closed boundary,0.318291,0.681709,1.011493e-09,85
closed boundary,0.316815,0.683185,9.922928e-10,83
closed boundary,0.308016,0.691984,9.222661e-10,75
closed boundary,0.299588,0.700412,7.585687e-10,60
closed boundary,0.291934,0.708066,7.006113e-10,54
closed boundary,0.289309,0.710691,6.807847e-10,52
closed boundary,0.286686,0.713314,6.870123e-10,52
closed boundary,0.281462,0.718538,6.459362e-10,48
closed boundary,0.278313,0.721687,6.396358e-10,47
closed boundary,0.274953,0.725047,6.474525e-10,47
closed boundary,0.270323,0.729677,6.165061e-10,44
closed boundary,0.268706,0.731294,6.202173e-10,44
closed boundary,0.264184,0.735816,6.164949e-10,43
closed boundary,0.258456,0.741544,6.301595e-10,43
closed boundary,0.256374,0.743626,6.205017e-10,42
closed boundary,0.253994,0.746006,5.964925e-10,40
closed boundary,0.249477,0.750523,5.769269e-10,38
closed boundary,0.246512,0.753488,5.838666e-10,38
closed boundary,0.244297,0.755703,5.891597e-10,38
closed boundary,0.239702,0.760298,6.004553e-10,38
closed boundary,0.236229,0.763771,5.932493e-10,37
closed boundary,0.233981,0.766019,5.989488e-10,37
closed boundary,0.230466,0.769534,5.916493e-10,36
closed boundary,0.226591,0.773409,6.017660e-10,36
closed boundary,0.223415,0.776585,6.103209e-10,36
closed boundary,0.219811,0.780189,6.203264e-10,36
closed boundary,0.218255,0.781745,6.247493e-10,36
Caliper,0.997703,0.002297,2.299723e-03,605771464
Caliper,0.997703,0.002297,2.299723e-03,605771464
Caliper,0.997703,0.002297,2.299723e-03,605771464
Caliper,0.997703,0.002297,2.299723e-03,605771464
Caliper,0.997703,0.002297,2.299723e-03,605771464
Caliper,0.997703,0.002297,2.299723e-03,605771464
Caliper,0.997703,0.002297,2.299723e-03,605771464
Caliper,0.997361,0.002639,1.817298e-03,478531494
Caliper,0.996957,0.003043,1.462587e-03,384972812
Caliper,0.996720,0.003280,1.318016e-03,346837435
Caliper,0.996502,0.003498,1.222462e-03,321621906
Caliper,0.996329,0.003671,1.141199e-03,300190025
Caliper,0.996073,0.003927,1.040062e-03,273515848
Caliper,0.995861,0.004139,9.712985e-04,255377942
Caliper,0.995635,0.004365,9.053526e-04,237985115
Caliper,0.995450,0.004550,8.639257e-04,227053353
Caliper,0.995327,0.004673,8.303400e-04,218199498
Caliper,0.995153,0.004847,8.042306e-04,211301517
Caliper,0.995053,0.004947,7.855795e-04,206380369
Caliper,0.994918,0.005082,7.646350e-04,200850791
Caliper,0.994835,0.005165,7.475766e-04,196353600
Caliper,0.994678,0.005322,7.315600e-04,192116326
Caliper,0.994598,0.005402,7.158588e-04,187977930
Caliper,0.994491,0.005509,6.952995e-04,182559655
Caliper,0.994382,0.005618,6.743967e-04,177051926
Caliper,0.994278,0.005722,6.560110e-04,172207115
Caliper,0.994179,0.005821,6.416877e-04,168430246
Caliper,0.994047,0.005953,6.244270e-04,163878032
Caliper,0.993912,0.006088,6.059894e-04,159017543
Caliper,0.993733,0.006267,5.895018e-04,154663188
Caliper,0.993430,0.006570,5.701848e-04,149549476
Caliper,0.993120,0.006880,5.538279e-04,145213949
Caliper,0.992838,0.007162,5.338090e-04,139925315
Caliper,0.992558,0.007442,4.966978e-04,130160819
Caliper,0.992219,0.007781,4.708960e-04,123357164
Caliper,0.991536,0.008464,4.269484e-04,111767531
Caliper,0.990363,0.009637,3.687414e-04,96415794
Caliper,0.989496,0.010504,3.342577e-04,87322796
Caliper,0.988422,0.011578,2.974673e-04,77627172
Caliper,0.987535,0.012465,2.601850e-04,67837039
Caliper,0.986906,0.013094,2.421007e-04,63081739
Caliper,0.986388,0.013612,2.270845e-04,59138094
Caliper,0.985833,0.014167,2.131218e-04,55470643
Caliper,0.984862,0.015138,1.959492e-04,50950779
Caliper,0.984280,0.015720,1.853694e-04,48171314
Caliper,0.983140,0.016860,1.710584e-04,44400883
Caliper,0.982258,0.017742,1.590163e-04,41238120
Caliper,0.981033,0.018967,1.442855e-04,37371319
Caliper,0.979514,0.020486,1.263913e-04,32685846
Caliper,0.978364,0.021636,1.131933e-04,29238386
Caliper,0.977326,0.022674,1.041197e-04,26866061
Caliper,0.976715,0.023285,9.807652e-05,25290927
Caliper,0.975864,0.024136,9.061628e-05,23346814
Caliper,0.975348,0.024652,8.658090e-05,22295307
Caliper,0.974838,0.025162,8.348657e-05,21487266
Caliper,0.973416,0.026584,7.979557e-05,20507341
Caliper,0.972948,0.027052,7.651207e-05,19654023
Caliper,0.972519,0.027481,7.389206e-05,18972640
Caliper,0.971927,0.028073,7.061301e-05,18119672
Caliper,0.971495,0.028505,6.883509e-05,17655602
Caliper,0.971119,0.028881,6.701703e-05,17182621
Caliper,0.970743,0.029257,6.521883e-05,16715112
Caliper,0.970341,0.029659,6.248144e-05,16006899
Caliper,0.969777,0.030223,6.018485e-05,15409595
Caliper,0.969304,0.030696,5.882632e-05,15054404
Caliper,0.968852,0.031148,5.729949e-05,14656833
Caliper,0.968420,0.031580,5.598206e-05,14313456
Caliper,0.967884,0.032116,5.385519e-05,13762042
Caliper,0.967224,0.032776,5.175043e-05,13215179
Caliper,0.966604,0.033396,5.045917e-05,12877172
Caliper,0.965950,0.034050,4.903952e-05,12506412
Caliper,0.965070,0.034930,4.665593e-05,11887700
Caliper,0.963772,0.036228,4.408511e-05,11217552
Caliper,0.962427,0.037573,4.181593e-05,10625311
Caliper,0.960726,0.039274,3.834935e-05,9727239
Caliper,0.958338,0.041662,3.469797e-05,8779191
Caliper,0.956194,0.043806,3.198610e-05,8074943
Caliper,0.954577,0.045423,3.045574e-05,7675600
Caliper,0.952522,0.047478,2.842398e-05,7148117
Caliper,0.949125,0.050875,2.589268e-05,6488324
Caliper,0.945987,0.054013,2.393818e-05,5978721
Caliper,0.943064,0.056936,2.252577e-05,5608580
Caliper,0.937485,0.062515,1.968577e-05,4872467
Caliper,0.929297,0.070703,1.744687e-05,4280593
Caliper,0.925456,0.074544,1.490993e-05,3643035
Caliper,0.920438,0.079562,1.308750e-05,3180409
Caliper,0.916491,0.083509,1.119579e-05,2709038
Caliper,0.912954,0.087046,9.761931e-06,2352970
Caliper,0.910418,0.089582,8.793132e-06,2113568
Caliper,0.907863,0.092137,8.073410e-06,1935126
Caliper,0.903892,0.096108,7.609236e-06,1815890
Caliper,0.901468,0.098532,7.236453e-06,1722296
Caliper,0.898676,0.101324,6.906742e-06,1638733
Caliper,0.896667,0.103333,6.523121e-06,1544254
Caliper,0.894291,0.105709,5.941451e-06,1402824
Caliper,0.892836,0.107164,5.626490e-06,1326298
Caliper,0.889938,0.110062,5.262921e-06,1236570
Caliper,0.883311,0.116689,5.037063e-06,1174689
Caliper,0.881607,0.118393,4.846861e-06,1128152
Caliper,0.879949,0.120051,4.711243e-06,1094523
Caliper,0.878093,0.121907,4.558723e-06,1056856
Caliper,0.876530,0.123470,4.449123e-06,1029611
Caliper,0.875159,0.124841,4.345329e-06,1004018
Caliper,0.873657,0.126343,4.238182e-06,977581
Caliper,0.872139,0.127861,4.131523e-06,951323
Caliper,0.870644,0.129356,4.042082e-06,929133
Caliper,0.868772,0.131228,3.886900e-06,891541
Caliper,0.866780,0.133220,3.766318e-06,861902
Caliper,0.864691,0.135309,3.678617e-06,839803
Caliper,0.862509,0.137491,3.538247e-06,805719
Caliper,0.860055,0.139945,3.446339e-06,782557
Caliper,0.857195,0.142805,3.343906e-06,756773
Caliper,0.854266,0.145734,3.228408e-06,728138
Caliper,0.851191,0.148809,3.107187e-06,698275
Caliper,0.847763,0.152237,2.985262e-06,668173
Caliper,0.843752,0.156248,2.845920e-06,633971
Caliper,0.831496,0.168504,2.619716e-06,575104
Caliper,0.826861,0.173139,2.519471e-06,550014
Caliper,0.813983,0.186017,2.341027e-06,503099
Caliper,0.798246,0.201754,2.126955e-06,448257
Caliper,0.782378,0.217622,1.888507e-06,390092
Caliper,0.770577,0.229423,1.681634e-06,342121
Caliper,0.751766,0.248234,1.472609e-06,292282
Caliper,0.721466,0.278534,1.304981e-06,248572
Caliper,0.705336,0.294664,1.196198e-06,222757
Caliper,0.692618,0.307382,1.143956e-06,209187
Caliper,0.687065,0.312935,1.106342e-06,200687
Caliper,0.680740,0.319260,1.069595e-06,192235
Caliper,0.672198,0.327802,1.022327e-06,181434
Caliper,0.666832,0.333168,9.910420e-07,174478
Caliper,0.659917,0.340083,9.528301e-07,166011
Caliper,0.649489,0.350511,9.119813e-07,156383
Caliper,0.638940,0.361060,8.686998e-07,146542
Caliper,0.631278,0.368722,8.462385e-07,141041
Caliper,0.622793,0.377207,8.197213e-07,134785
Caliper,0.617651,0.382349,7.982993e-07,130179
Caliper,0.610359,0.389641,7.793596e-07,125590
Caliper,0.602749,0.397251,7.414919e-07,117998
Caliper,0.597484,0.402516,7.235310e-07,114134
Caliper,0.592058,0.407942,7.050647e-07,110211
Caliper,0.585133,0.414867,6.897494e-07,106556
Caliper,0.580008,0.419992,6.777815e-07,103790
Caliper,0.575896,0.424104,6.660467e-07,101270
Caliper,0.571413,0.428587,6.531700e-07,98539
Caliper,0.565457,0.434543,6.365988e-07,95038
Caliper,0.556914,0.443086,6.226830e-07,91556
Caliper,0.551841,0.448159,6.113778e-07,89075
Caliper,0.546727,0.453273,6.003315e-07,86655
Caliper,0.541215,0.458785,5.893062e-07,84206
Caliper,0.535802,0.464198,5.785915e-07,81848
Caliper,0.529166,0.470834,5.670504e-07,79222
Caliper,0.522353,0.477647,5.545060e-07,76472
Caliper,0.512734,0.487266,5.403465e-07,73147
Caliper,0.502476,0.497524,5.273012e-07,69953
Caliper,0.493708,0.506292,5.133750e-07,66917
Caliper,0.481804,0.518196,4.994553e-07,63533
Caliper,0.468347,0.531653,4.859707e-07,60091
Caliper,0.453023,0.546977,4.716583e-07,56413
Caliper,0.438460,0.561540,4.550236e-07,52674
Caliper,0.423693,0.576307,4.382622e-07,49025
Caliper,0.402977,0.597023,4.230733e-07,45012
Caliper,0.387268,0.612732,4.065518e-07,41568
Caliper,0.369688,0.630312,3.901176e-07,38077
Caliper,0.347553,0.652447,3.783678e-07,34719
Caliper,0.327937,0.672063,3.647455e-07,31580
Caliper,0.302412,0.697588,3.585965e-07,28631
Caliper,0.285711,0.714289,3.498488e-07,26390
Caliper,0.268756,0.731244,3.421130e-07,24275
Caliper,0.254277,0.745723,3.347961e-07,22476
Caliper,0.239456,0.760544,3.294343e-07,20827
Caliper,0.228969,0.771031,3.224227e-07,19491
Caliper,0.220001,0.779999,3.155947e-07,18331
Caliper,0.213018,0.786982,3.081942e-07,17333
Caliper,0.207221,0.792779,3.012801e-07,16483
Caliper,0.201111,0.798889,2.950467e-07,15666
Caliper,0.194874,0.805126,2.883767e-07,14837
Caliper,0.188156,0.811844,2.814623e-07,13982
Caliper,0.180476,0.819524,2.754534e-07,13125
Caliper,0.172677,0.827323,2.707848e-07,12345
Caliper,0.166504,0.833496,2.649691e-07,11648
Caliper,0.161400,0.838600,2.599251e-07,11076
Caliper,0.156151,0.843849,2.552479e-07,10523
Caliper,0.150504,0.849496,2.506815e-07,9961
Caliper,0.145334,0.854666,2.450316e-07,9402
Caliper,0.139812,0.860188,2.396460e-07,8846
Caliper,0.134410,0.865590,2.350476e-07,8341
Caliper,0.128835,0.871165,2.302543e-07,7832
Caliper,0.122953,0.877047,2.252186e-07,7311
Caliper,0.117819,0.882181,2.203098e-07,6853
Caliper,0.112769,0.887231,2.164375e-07,6444
Caliper,0.107524,0.892476,2.104757e-07,5975
Caliper,0.102132,0.897868,2.061588e-07,5559
Caliper,0.096322,0.903678,2.005058e-07,5099
Caliper,0.089961,0.910039,1.932951e-07,4591
Caliper,0.082518,0.917482,1.824088e-07,3974
Caliper,0.073077,0.926923,1.670508e-07,3223
Caliper,0.060982,0.939018,1.462077e-07,2354
Caliper,0.047409,0.952591,1.213576e-07,1519
Caliper,0.033838,0.966162,1.063384e-07,950
Caliper,0.023053,0.976947,9.102119e-08,554
Caliper,0.014646,0.985354,8.042670e-08,311
Caliper,0.007805,0.992195,7.959059e-08,164
string splitting,0.997703,0.002297,2.299723e-03,605771464
string splitting,0.997703,0.002297,2.299714e-03,605768976
string splitting,0.997703,0.002297,2.299686e-03,605761785
string splitting,0.997703,0.002297,2.299640e-03,605749615
string splitting,0.997703,0.002297,2.299591e-03,605736436
string splitting,0.997703,0.002297,2.299542e-03,605723517
string splitting,0.997703,0.002297,2.299489e-03,605709469
string splitting,0.997355,0.002645,1.812585e-03,477287838
string splitting,0.996950,0.003050,1.457811e-03,383712846
string splitting,0.996713,0.003287,1.314578e-03,345930173
string splitting,0.996495,0.003505,1.219722e-03,320898735
string splitting,0.996323,0.003677,1.139093e-03,299634204
string splitting,0.996067,0.003933,1.038373e-03,273069980
string splitting,0.995854,0.004146,9.700567e-04,255049697
string splitting,0.995628,0.004372,9.044023e-04,237733744
string splitting,0.995444,0.004556,8.634994e-04,226939900
string splitting,0.995322,0.004678,8.304233e-04,218220386
string splitting,0.995150,0.004850,8.047313e-04,211432257
string splitting,0.995051,0.004949,7.865116e-04,206624730
string splitting,0.994917,0.005083,7.659242e-04,201189083
string splitting,0.994835,0.005165,7.491823e-04,196775255
string splitting,0.994678,0.005322,7.334525e-04,192613324
string splitting,0.994599,0.005401,7.180194e-04,188545581
string splitting,0.994494,0.005506,6.976884e-04,183187331
string splitting,0.994386,0.005614,6.770097e-04,177738700
string splitting,0.994285,0.005715,6.588652e-04,172957506
string splitting,0.994187,0.005813,6.447936e-04,169247009
string splitting,0.994058,0.005942,6.277098e-04,164741304
string splitting,0.993925,0.006075,6.094639e-04,159931303
string splitting,0.993747,0.006253,5.931724e-04,155628340
string splitting,0.993443,0.006557,5.739777e-04,150546273
string splitting,0.993135,0.006865,5.578769e-04,146277847
string splitting,0.992857,0.007143,5.380672e-04,141044258
string splitting,0.992580,0.007420,5.009495e-04,131277894
string splitting,0.992245,0.007755,4.753956e-04,124539231
string splitting,0.991565,0.008435,4.315206e-04,112967844
string splitting,0.990390,0.009610,3.731073e-04,97560029
string splitting,0.989531,0.010469,3.388521e-04,88526164
string splitting,0.988460,0.011540,3.020646e-04,78829932
string splitting,0.987572,0.012428,2.644178e-04,68943185
string splitting,0.986952,0.013048,2.467114e-04,64286101
string splitting,0.986441,0.013559,2.318347e-04,60378424
string splitting,0.985893,0.014107,2.179838e-04,56739589
string splitting,0.984929,0.015071,2.008526e-04,52229304
string splitting,0.984357,0.015643,1.903727e-04,49475406
string splitting,0.983227,0.016773,1.760883e-04,45710515
string splitting,0.982351,0.017649,1.640969e-04,42559752
string splitting,0.981130,0.018870,1.493437e-04,38685241
string splitting,0.979611,0.020389,1.313109e-04,33961458
string splitting,0.978472,0.021528,1.181001e-04,30509206
string splitting,0.977446,0.022554,1.090344e-04,28137663
string splitting,0.976849,0.023151,1.030173e-04,26568676
string splitting,0.976002,0.023998,9.547990e-05,24603385
string splitting,0.975506,0.024494,9.147385e-05,23559116
string splitting,0.975021,0.024979,8.842438e-05,22762402
string splitting,0.973596,0.026404,8.469446e-05,21770361
string splitting,0.973150,0.026850,8.141800e-05,20918579
string splitting,0.972742,0.027258,7.882373e-05,20243553
string splitting,0.972171,0.027829,7.553944e-05,19388686
string splitting,0.971762,0.028238,7.379080e-05,18931886
string splitting,0.971409,0.028591,7.198633e-05,18462230
string splitting,0.971057,0.028943,7.019956e-05,17997457
string splitting,0.970686,0.029314,6.746906e-05,17290820
string splitting,0.970152,0.029848,6.516214e-05,16690412
string splitting,0.969710,0.030290,6.381488e-05,16337876
string splitting,0.969293,0.030707,6.228306e-05,15938844
string splitting,0.968903,0.031097,6.097121e-05,15596858
string splitting,0.968410,0.031590,5.884271e-05,15044715
string splitting,0.967804,0.032196,5.672854e-05,14495087
string splitting,0.967244,0.032756,5.545550e-05,14161618
string splitting,0.966650,0.033350,5.405206e-05,13794734
string splitting,0.965835,0.034165,5.165136e-05,13170934
string splitting,0.964601,0.035399,4.902785e-05,12485974
string splitting,0.963326,0.036674,4.672748e-05,11884408
string splitting,0.961714,0.038286,4.318917e-05,10966116
string splitting,0.959388,0.040612,3.942883e-05,9987120
string splitting,0.957331,0.042669,3.662487e-05,9257003
string splitting,0.955832,0.044168,3.504375e-05,8843502
string splitting,0.953897,0.046103,3.295105e-05,8298556
string splitting,0.950625,0.049375,3.034001e-05,7614773
string splitting,0.947614,0.052386,2.827785e-05,7074730
string splitting,0.944864,0.055136,2.683898e-05,6695258
string splitting,0.939402,0.060598,2.376134e-05,5893245
string splitting,0.931206,0.068794,2.132626e-05,5243152
string splitting,0.927542,0.072458,1.862394e-05,4560756
string splitting,0.922511,0.077489,1.661603e-05,4046980
string splitting,0.918696,0.081304,1.457673e-05,3535607
string splitting,0.915319,0.084681,1.299469e-05,3140293
string splitting,0.912975,0.087025,1.196764e-05,2884690
string splitting,0.910666,0.089334,1.115108e-05,2681070
string splitting,0.906778,0.093222,1.061295e-05,2540791
string splitting,0.904579,0.095421,1.019031e-05,2433694
string splitting,0.901956,0.098044,9.815725e-06,2337437
string splitting,0.900203,0.099797,9.408596e-06,2236131
string splitting,0.898066,0.101934,8.771901e-06,2079860
string splitting,0.896908,0.103092,8.422264e-06,1994384
string splitting,0.894343,0.105657,8.014183e-06,1892323
string splitting,0.887772,0.112228,7.734174e-06,1812789
string splitting,0.886363,0.113637,7.520050e-06,1759805
string splitting,0.885030,0.114970,7.365650e-06,1721079
string splitting,0.883490,0.116510,7.188791e-06,1676831
string splitting,0.882272,0.117728,7.059726e-06,1644456
string splitting,0.881288,0.118712,6.937849e-06,1614265
string splitting,0.880198,0.119802,6.813397e-06,1583347
string splitting,0.879140,0.120860,6.689563e-06,1552700
string splitting,0.878150,0.121850,6.591423e-06,1528199
string splitting,0.876792,0.123208,6.419271e-06,1485985
string splitting,0.875372,0.124628,6.284364e-06,1452399
string splitting,0.873841,0.126159,6.183685e-06,1426632
string splitting,0.872326,0.127674,6.022683e-06,1387077
string splitting,0.870596,0.129404,5.917667e-06,1360189
string splitting,0.868468,0.131532,5.797014e-06,1329199
string splitting,0.866393,0.133607,5.661997e-06,1295140
string splitting,0.864294,0.135706,5.531099e-06,1262132
string splitting,0.862002,0.137998,5.400352e-06,1229029
string splitting,0.859434,0.140566,5.246829e-06,1190533
string splitting,0.847649,0.152351,4.923946e-06,1101949
string splitting,0.844752,0.155248,4.819817e-06,1074959
string splitting,0.832954,0.167046,4.567918e-06,1004549
string splitting,0.818516,0.181484,4.278488e-06,924591
string splitting,0.803429,0.196571,3.956911e-06,839336
string splitting,0.792775,0.207225,3.663804e-06,766857
string splitting,0.775530,0.224470,3.353025e-06,686542
string splitting,0.744162,0.255838,3.056481e-06,600511
string splitting,0.727946,0.272054,2.842477e-06,546296
string splitting,0.716047,0.283953,2.754290e-06,520695
string splitting,0.712164,0.287836,2.698158e-06,507317
string splitting,0.707067,0.292933,2.640450e-06,492913
string splitting,0.699441,0.300559,2.529569e-06,467121
string splitting,0.695714,0.304286,2.458810e-06,451635
string splitting,0.690381,0.309619,2.378650e-06,433562
string splitting,0.680983,0.319017,2.283004e-06,410464
string splitting,0.671310,0.328690,2.186160e-06,387469
string splitting,0.665142,0.334858,2.146263e-06,376903
string splitting,0.657955,0.342045,2.093048e-06,363586
string splitting,0.654557,0.345443,2.055573e-06,355232
string splitting,0.648813,0.351187,2.020326e-06,346077
string splitting,0.642578,0.357422,1.955963e-06,331832
string splitting,0.639309,0.360691,1.922010e-06,324413
string splitting,0.635493,0.364507,1.873140e-06,314277
string splitting,0.633381,0.366619,1.855238e-06,310239
string splitting,0.626911,0.373089,1.827258e-06,302439
string splitting,0.625040,0.374960,1.813374e-06,299245
string splitting,0.623158,0.376842,1.800713e-06,296261
string splitting,0.619600,0.380400,1.774673e-06,290310
string splitting,0.612428,0.387572,1.745911e-06,282299
string splitting,0.609885,0.390115,1.732398e-06,278951
string splitting,0.607558,0.392442,1.718150e-06,275601
string splitting,0.604851,0.395149,1.705186e-06,272303
string splitting,0.602799,0.397201,1.694026e-06,269603
string splitting,0.599348,0.400652,1.681373e-06,266057
string splitting,0.596532,0.403468,1.668991e-06,262857
string splitting,0.593293,0.406707,1.656600e-06,259489
string splitting,0.583035,0.416965,1.606457e-06,247284
string splitting,0.579611,0.420389,1.594814e-06,244050
string splitting,0.570858,0.429142,1.576399e-06,237589
string splitting,0.561096,0.438904,1.560345e-06,231148
string splitting,0.548346,0.451654,1.543143e-06,223405
string splitting,0.538700,0.461300,1.528701e-06,217421
string splitting,0.530197,0.469803,1.512384e-06,211705
string splitting,0.509756,0.490244,1.483835e-06,199701
string splitting,0.498534,0.501466,1.467822e-06,193197
string splitting,0.489689,0.510311,1.452978e-06,187850
string splitting,0.464481,0.535519,1.427684e-06,175078
string splitting,0.447347,0.552653,1.409669e-06,166492
string splitting,0.420031,0.579969,1.381797e-06,153235
string splitting,0.402985,0.597015,1.362069e-06,144917
string splitting,0.379331,0.620669,1.331204e-06,133320
string splitting,0.366236,0.633764,1.311685e-06,126830
string splitting,0.345159,0.654841,1.276209e-06,116298
string splitting,0.333948,0.666052,1.253336e-06,110504
string splitting,0.323928,0.676072,1.235312e-06,105647
string splitting,0.316826,0.683174,1.212001e-06,101381
string splitting,0.312256,0.687744,1.165900e-06,96118
string splitting,0.307504,0.692496,1.142556e-06,92760
string splitting,0.302213,0.697787,1.125089e-06,89770
string splitting,0.300258,0.699742,1.115624e-06,88439
string splitting,0.291300,0.708700,1.099520e-06,84562
string splitting,0.282835,0.717165,1.082703e-06,80849
string splitting,0.275061,0.724939,1.067753e-06,77541
string splitting,0.272067,0.727933,1.057840e-06,75985
string splitting,0.268947,0.731053,1.048931e-06,74481
string splitting,0.263527,0.736473,1.038253e-06,72237
string splitting,0.259993,0.740007,1.028051e-06,70568
string splitting,0.256290,0.743710,1.019155e-06,68961
string splitting,0.251389,0.748611,1.008422e-06,66930
string splitting,0.249168,0.750832,9.988646e-07,65710
string splitting,0.244408,0.755592,9.872180e-07,63703
string splitting,0.238432,0.761568,9.740407e-07,61316
string splitting,0.235626,0.764374,9.639896e-07,59969
string splitting,0.232521,0.767479,9.544465e-07,58593
string splitting,0.227400,0.772600,9.438593e-07,56667
string splitting,0.224042,0.775958,9.354728e-07,55334
string splitting,0.220873,0.779127,9.250906e-07,53946
string splitting,0.216087,0.783913,9.148889e-07,52195
string splitting,0.212137,0.787863,9.043201e-07,50649
string splitting,0.209535,0.790465,8.979801e-07,49677
string splitting,0.206281,0.793719,8.928492e-07,48626
string splitting,0.202287,0.797713,8.864144e-07,47341
string splitting,0.198897,0.801103,8.801375e-07,46218
string splitting,0.195211,0.804789,8.750630e-07,45100
string splitting,0.193473,0.806527,8.706116e-07,44471
frozen gap,0.990291,0.009709,3.684182e-04,96324275
frozen gap,0.981172,0.018828,1.517214e-04,39302862
frozen gap,0.970356,0.029644,6.828866e-05,17494898
frozen gap,0.962070,0.037930,4.626071e-05,11750354
frozen gap,0.951085,0.048915,3.329457e-05,8360353
frozen gap,0.945368,0.054632,2.974033e-05,7422987
frozen gap,0.930048,0.069952,2.234731e-05,5487347
frozen gap,0.920630,0.079370,1.862857e-05,4527897
frozen gap,0.911593,0.088407,1.391634e-05,3349332
frozen gap,0.900417,0.099583,1.152548e-05,2739901
frozen gap,0.890368,0.109632,9.798908e-06,2303453
frozen gap,0.881198,0.118802,8.857050e-06,2060604
frozen gap,0.871937,0.128063,7.846830e-06,1806390
frozen gap,0.860455,0.139545,6.999960e-06,1590215
frozen gap,0.851177,0.148823,6.487368e-06,1457876
frozen gap,0.843363,0.156637,6.245270e-06,1390585
frozen gap,0.832302,0.167698,5.789674e-06,1272234
frozen gap,0.820509,0.179491,5.331775e-06,1155014
frozen gap,0.813314,0.186686,5.165712e-06,1109227
frozen gap,0.802105,0.197895,4.964970e-06,1051429
frozen gap,0.795287,0.204713,4.787540e-06,1005236
frozen gap,0.786750,0.213250,4.521332e-06,939150
frozen gap,0.774012,0.225988,4.205667e-06,859438
frozen gap,0.765419,0.234581,4.036405e-06,815691
frozen gap,0.751179,0.248821,3.856294e-06,764796
frozen gap,0.741587,0.258413,3.612390e-06,707276
frozen gap,0.733174,0.266826,3.416735e-06,661379
frozen gap,0.721820,0.278180,3.269710e-06,623118
frozen gap,0.718753,0.281247,3.160543e-06,599754
frozen gap,0.705921,0.294079,2.977632e-06,554957
frozen gap,0.695232,0.304768,2.782389e-06,510716
frozen gap,0.686257,0.313743,2.598127e-06,470738
frozen gap,0.674255,0.325745,2.421305e-06,431028
frozen gap,0.652430,0.347570,2.265545e-06,390246
frozen gap,0.641472,0.358528,2.158938e-06,365637
frozen gap,0.633183,0.366817,2.105195e-06,351928
frozen gap,0.620656,0.379344,1.973346e-06,323360
frozen gap,0.613546,0.386454,1.895996e-06,307126
frozen gap,0.604433,0.395567,1.824897e-06,291218
frozen gap,0.592310,0.407690,1.681987e-06,263029
frozen gap,0.585614,0.414386,1.648739e-06,254915
frozen gap,0.572199,0.427801,1.576287e-06,238130
frozen gap,0.565694,0.434306,1.550102e-06,231512
frozen gap,0.551047,0.448953,1.468377e-06,213628
frozen gap,0.541273,0.458727,1.412676e-06,201879
frozen gap,0.522674,0.477326,1.350397e-06,186348
frozen gap,0.513036,0.486964,1.317833e-06,178501
frozen gap,0.505679,0.494321,1.288284e-06,171996
frozen gap,0.494035,0.505965,1.254555e-06,163636
frozen gap,0.480628,0.519372,1.204422e-06,152834
frozen gap,0.471076,0.528924,1.161845e-06,144501
frozen gap,0.461829,0.538171,1.116141e-06,136092
frozen gap,0.451931,0.548069,1.082315e-06,129139
frozen gap,0.444365,0.555635,1.068327e-06,125336
frozen gap,0.413814,0.586186,8.557397e-07,93493
frozen gap,0.404386,0.595614,8.464778e-07,90374
frozen gap,0.392885,0.607115,8.313824e-07,86238
frozen gap,0.372653,0.627347,8.203233e-07,80709
frozen gap,0.366730,0.633270,8.128433e-07,78702
frozen gap,0.351024,0.648976,8.117281e-07,75228
frozen gap,0.340937,0.659063,8.098935e-07,72901
frozen gap,0.324103,0.675897,8.108339e-07,69382
frozen gap,0.312733,0.687267,8.066441e-07,66602
frozen gap,0.290857,0.709143,8.063827e-07,61923
frozen gap,0.270552,0.729448,8.037897e-07,57415
frozen gap,0.264487,0.735513,8.004973e-07,55898
frozen gap,0.251297,0.748703,7.681610e-07,50965
frozen gap,0.243431,0.756569,7.547713e-07,48509
frozen gap,0.232885,0.767115,7.482720e-07,46008
frozen gap,0.161685,0.838315,4.408304e-07,18818
frozen gap,0.151771,0.848229,4.259278e-07,17067
frozen gap,0.141159,0.858841,4.113413e-07,15330
frozen gap,0.130726,0.869274,3.950008e-07,13633
frozen gap,0.124022,0.875978,3.861780e-07,12645
cluster metric,1.000000,0.000000,2.294441e-03,6056799
cluster metric,1.000000,0.000000,2.294441e-03,6056799
cluster metric,1.000000,0.000000,2.294441e-03,6056799
cluster metric,1.000000,0.000000,2.294441e-03,6056799
cluster metric,1.000000,0.000000,2.294441e-03,6056799
cluster metric,1.000000,0.000000,2.294441e-03,6056799
cluster metric,1.000000,0.000000,2.294441e-03,6056799
cluster metric,1.000000,0.000000,2.294441e-03,6056799
cluster metric,1.000000,0.000000,2.294441e-03,6056799
cluster metric,1.000000,0.000000,2.294441e-03,6056799
cluster metric,1.000000,0.000000,2.294441e-03,6056799
cluster metric,1.000000,0.000000,2.294441e-03,6056799
cluster metric,1.000000,0.000000,2.294441e-03,6056799
cluster metric,1.000000,0.000000,2.294441e-03,6056799
cluster metric,1.000000,0.000000,2.294441e-03,6056799
cluster metric,1.000000,0.000000,2.294441e-03,6056799
cluster metric,1.000000,0.000000,2.294441e-03,6056799
cluster metric,1.000000,0.000000,2.294441e-03,6056799
cluster metric,1.000000,0.000000,2.294441e-03,6056799
cluster metric,1.000000,0.000000,2.294441e-03,6056799
cluster metric,1.000000,0.000000,2.294441e-03,6056799
cluster metric,1.000000,0.000000,2.294441e-03,6056799
cluster metric,1.000000,0.000000,2.294441e-03,6056799
cluster metric,1.000000,0.000000,2.294441e-03,6056799
cluster metric,1.000000,0.000000,2.294441e-03,6056799
cluster metric,1.000000,0.000000,2.294441e-03,6056799
cluster metric,1.000000,0.000000,2.294441e-03,6056799
cluster metric,1.000000,0.000000,2.294441e-03,6056799
cluster metric,1.000000,0.000000,2.294441e-03,6056799
cluster metric,1.000000,0.000000,2.294441e-03,6056799
cluster metric,1.000000,0.000000,2.294441e-03,6056799
cluster metric,1.000000,0.000000,2.294441e-03,6056799
cluster metric,1.000000,0.000000,2.294441e-03,6056799
cluster metric,1.000000,0.000000,2.294441e-03,6056799
cluster metric,1.000000,0.000000,2.294441e-03,6056799
cluster metric,1.000000,0.000000,2.294441e-03,6056799
cluster metric,1.000000,0.000000,2.294441e-03,6056799
cluster metric,1.000000,0.000000,2.294441e-03,6056799
cluster metric,1.000000,0.000000,2.294441e-03,6056799
cluster metric,1.000000,0.000000,2.294441e-03,6056799
cluster metric,1.000000,0.000000,2.294441e-03,6056799
cluster metric,1.000000,0.000000,2.294441e-03,6056799
cluster metric,1.000000,0.000000,2.294441e-03,6056799
cluster metric,1.000000,0.000000,2.294441e-03,6056799
cluster metric,1.000000,0.000000,2.294441e-03,6056799
cluster metric,1.000000,0.000000,2.294441e-03,6056799
cluster metric,1.000000,0.000000,2.294441e-03,6056799
cluster metric,1.000000,0.000000,2.294441e-03,6056799
cluster metric,1.000000,0.000000,2.294441e-03,6056799
cluster metric,1.000000,0.000000,2.294441e-03,6056799
cluster metric,1.000000,0.000000,2.294441e-03,6056799
cluster metric,1.000000,0.000000,2.294441e-03,6056799
cluster metric,1.000000,0.000000,2.294441e-03,6056799
cluster metric,1.000000,0.000000,2.294441e-03,6056799
cluster metric,1.000000,0.000000,2.294441e-03,6056799
cluster metric,1.000000,0.000000,2.294441e-03,6056799
cluster metric,1.000000,0.000000,2.294441e-03,6056799
cluster metric,1.000000,0.000000,2.294441e-03,6056799
cluster metric,1.000000,0.000000,2.294441e-03,6056799
cluster metric,1.000000,0.000000,2.294441e-03,6056799
cluster metric,1.000000,0.000000,2.294441e-03,6056799
cluster metric,1.000000,0.000000,2.294441e-03,6056799
cluster metric,1.000000,0.000000,2.294441e-03,6056799
cluster metric,1.000000,0.000000,2.294441e-03,6056799
cluster metric,1.000000,0.000000,2.294441e-03,6056799
cluster metric,1.000000,0.000000,2.294441e-03,6056799
cluster metric,1.000000,0.000000,2.294441e-03,6056799
cluster metric,1.000000,0.000000,2.294441e-03,6056799
cluster metric,1.000000,0.000000,2.294441e-03,6056799
cluster metric,1.000000,0.000000,2.294441e-03,6056799
cluster metric,1.000000,0.000000,2.294441e-03,6056799
cluster metric,1.000000,0.000000,2.294441e-03,6056799
cluster metric,1.000000,0.000000,2.294441e-03,6056799
cluster metric,1.000000,0.000000,2.294441e-03,6056799
cluster metric,1.000000,0.000000,2.294441e-03,6056799
cluster metric,1.000000,0.000000,2.294441e-03,6056799
cluster metric,1.000000,0.000000,2.294441e-03,6056799
cluster metric,1.000000,0.000000,2.294441e-03,6056799
cluster metric,1.000000,0.000000,2.294441e-03,6056799
cluster metric,1.000000,0.000000,2.294441e-03,6056799
cluster metric,1.000000,0.000000,2.294441e-03,6056799
cluster metric,1.000000,0.000000,2.294441e-03,6056799
cluster metric,1.000000,0.000000,2.294441e-03,6056799
cluster metric,1.000000,0.000000,2.294441e-03,6056799
cluster metric,1.000000,0.000000,2.294441e-03,6056799
cluster metric,1.000000,0.000000,2.294441e-03,6056799
cluster metric,1.000000,0.000000,2.294441e-03,6056799
cluster metric,1.000000,0.000000,2.294441e-03,6056799
cluster metric,1.000000,0.000000,2.294441e-03,6056799
cluster metric,1.000000,0.000000,2.294441e-03,6056799
cluster metric,1.000000,0.000000,2.294441e-03,6056799
cluster metric,1.000000,0.000000,2.294441e-03,6056799
cluster metric,1.000000,0.000000,2.294441e-03,6056799
cluster metric,1.000000,0.000000,2.294441e-03,6056799
cluster metric,1.000000,0.000000,2.294440e-03,6056798
cluster metric,1.000000,0.000000,2.294440e-03,6056798
cluster metric,1.000000,0.000000,2.294440e-03,6056798
cluster metric,1.000000,0.000000,2.294440e-03,6056797
cluster metric,1.000000,0.000000,2.294439e-03,6056795
cluster metric,1.000000,0.000000,2.294441e-03,6056799
cluster metric,1.000000,0.000000,2.294441e-03,6056799
cluster metric,1.000000,0.000000,2.294441e-03,6056799
cluster metric,1.000000,0.000000,2.294441e-03,6056799
cluster metric,1.000000,0.000000,2.294441e-03,6056799
cluster metric,1.000000,0.000000,2.294441e-03,6056799
cluster metric,1.000000,0.000000,2.294441e-03,6056799
cluster metric,1.000000,0.000000,2.294441e-03,6056799
cluster metric,1.000000,0.000000,2.294441e-03,6056799
cluster metric,1.000000,0.000000,2.294441e-03,6056799
cluster metric,1.000000,0.000000,2.294441e-03,6056799
cluster metric,1.000000,0.000000,2.294441e-03,6056799
cluster metric,1.000000,0.000000,2.294441e-03,6056799
cluster metric,1.000000,0.000000,2.294441e-03,6056799
cluster metric,1.000000,0.000000,2.294441e-03,6056799
cluster metric,1.000000,0.000000,2.294441e-03,6056799
cluster metric,1.000000,0.000000,2.294441e-03,6056799
cluster metric,1.000000,0.000000,2.294441e-03,6056799
cluster metric,1.000000,0.000000,2.294441e-03,6056799
cluster metric,1.000000,0.000000,2.294441e-03,6056799
cluster metric,1.000000,0.000000,2.294441e-03,6056799
cluster metric,1.000000,0.000000,2.294441e-03,6056799
cluster metric,1.000000,0.000000,2.294441e-03,6056799
cluster metric,1.000000,0.000000,2.294441e-03,6056799
cluster metric,1.000000,0.000000,2.294441e-03,6056799
cluster metric,1.000000,0.000000,2.294441e-03,6056799
cluster metric,1.000000,0.000000,2.294441e-03,6056799
cluster metric,1.000000,0.000000,2.294441e-03,6056799
cluster metric,1.000000,0.000000,2.294441e-03,6056799
cluster metric,1.000000,0.000000,2.294441e-03,6056799
cluster metric,1.000000,0.000000,2.294441e-03,6056799
cluster metric,1.000000,0.000000,2.294441e-03,6056799
cluster metric,1.000000,0.000000,2.294441e-03,6056799
cluster metric,1.000000,0.000000,2.294441e-03,6056799
cluster metric,1.000000,0.000000,2.294441e-03,6056799
cluster metric,1.000000,0.000000,2.294441e-03,6056799
cluster metric,1.000000,0.000000,2.294441e-03,6056799
cluster metric,1.000000,0.000000,2.294441e-03,6056799
cluster metric,1.000000,0.000000,2.294441e-03,6056799
cluster metric,1.000000,0.000000,2.294441e-03,6056799
cluster metric,1.000000,0.000000,2.294441e-03,6056799
cluster metric,1.000000,0.000000,2.294441e-03,6056799
cluster metric,1.000000,0.000000,2.294441e-03,6056799
cluster metric,1.000000,0.000000,2.294441e-03,6056799
cluster metric,1.000000,0.000000,2.294441e-03,6056799
cluster metric,1.000000,0.000000,2.294441e-03,6056799
cluster metric,1.000000,0.000000,2.294441e-03,6056799
cluster metric,1.000000,0.000000,2.294441e-03,6056799
cluster metric,1.000000,0.000000,2.294441e-03,6056799
cluster metric,1.000000,0.000000,2.294441e-03,6056799
cluster metric,1.000000,0.000000,2.294441e-03,6056799
cluster metric,1.000000,0.000000,2.294441e-03,6056799
cluster metric,1.000000,0.000000,2.294441e-03,6056799
cluster metric,1.000000,0.000000,2.294441e-03,6056799
cluster metric,1.000000,0.000000,2.294441e-03,6056799
cluster metric,1.000000,0.000000,2.294441e-03,6056799
cluster metric,1.000000,0.000000,2.294441e-03,6056799
cluster metric,1.000000,0.000000,2.294441e-03,6056799
cluster metric,1.000000,0.000000,2.294441e-03,6056799
cluster metric,1.000000,0.000000,2.294441e-03,6056799
cluster metric,1.000000,0.000000,2.294441e-03,6056799
cluster metric,1.000000,0.000000,2.294441e-03,6056799
cluster metric,1.000000,0.000000,2.294441e-03,6056799
cluster metric,1.000000,0.000000,2.294441e-03,6056799
cluster metric,1.000000,0.000000,2.294441e-03,6056799
cluster metric,1.000000,0.000000,2.294441e-03,6056799
cluster metric,1.000000,0.000000,2.294441e-03,6056799
cluster metric,1.000000,0.000000,2.294441e-03,6056799
cluster metric,1.000000,0.000000,2.294441e-03,6056799
cluster metric,1.000000,0.000000,2.294441e-03,6056799
cluster metric,1.000000,0.000000,2.294441e-03,6056799
cluster metric,1.000000,0.000000,2.294441e-03,6056799
cluster metric,1.000000,0.000000,2.294441e-03,6056799
cluster metric,1.000000,0.000000,2.294441e-03,6056799
cluster metric,1.000000,0.000000,2.294441e-03,6056799
cluster metric,1.000000,0.000000,2.294441e-03,6056799
cluster metric,1.000000,0.000000,2.294441e-03,6056799
cluster metric,1.000000,0.000000,2.294441e-03,6056799
cluster metric,1.000000,0.000000,2.294441e-03,6056799
cluster metric,1.000000,0.000000,2.294441e-03,6056799
cluster metric,1.000000,0.000000,2.294441e-03,6056799
cluster metric,1.000000,0.000000,2.294441e-03,6056799
cluster metric,1.000000,0.000000,2.294441e-03,6056799
cluster metric,1.000000,0.000000,2.294441e-03,6056799
cluster metric,1.000000,0.000000,2.294441e-03,6056799
cluster metric,1.000000,0.000000,2.294441e-03,6056799
cluster metric,1.000000,0.000000,2.294441e-03,6056799
cluster metric,1.000000,0.000000,2.294441e-03,6056799
cluster metric,1.000000,0.000000,2.294441e-03,6056799
cluster metric,1.000000,0.000000,2.294441e-03,6056799
cluster metric,1.000000,0.000000,2.294441e-03,6056799
cluster metric,1.000000,0.000000,2.294441e-03,6056799
cluster metric,1.000000,0.000000,2.294441e-03,6056799
cluster metric,1.000000,0.000000,2.294441e-03,6056799
cluster metric,1.000000,0.000000,2.294441e-03,6056799
cluster metric,1.000000,0.000000,2.294441e-03,6056799
cluster metric,1.000000,0.000000,2.294441e-03,6056799
cluster metric,1.000000,0.000000,2.294441e-03,6056799
cluster metric,1.000000,0.000000,2.294441e-03,6056799
cluster metric,1.000000,0.000000,2.294441e-03,6056799
cluster metric,1.000000,0.000000,2.294441e-03,6056799
cluster metric,1.000000,0.000000,2.294441e-03,6056799
cluster metric,1.000000,0.000000,2.294441e-03,6056799
cluster metric,1.000000,0.000000,2.294441e-03,6056799
cluster metric,1.000000,0.000000,2.294441e-03,6056799
cluster metric,1.000000,0.000000,2.294441e-03,6056799
cluster metric,1.000000,0.000000,2.294441e-03,6056799
cluster metric,1.000000,0.000000,2.294441e-03,6056799
cluster metric,1.000000,0.000000,2.294441e-03,6056799
cluster metric,1.000000,0.000000,2.294441e-03,6056799
cluster metric,1.000000,0.000000,2.294441e-03,6056799
cluster metric,1.000000,0.000000,2.294441e-03,6056799
cluster metric,1.000000,0.000000,2.294441e-03,6056799
cluster metric,1.000000,0.000000,2.294441e-03,6056799
cluster metric,1.000000,0.000000,2.294441e-03,6056799
cluster metric,1.000000,0.000000,2.294441e-03,6056799
cluster metric,1.000000,0.000000,2.294441e-03,6056799
cluster metric,1.000000,0.000000,2.294441e-03,6056799
cluster metric,1.000000,0.000000,2.294441e-03,6056799
cluster metric,1.000000,0.000000,2.294441e-03,6056799
cluster metric,1.000000,0.000000,2.294441e-03,6056799
cluster metric,1.000000,0.000000,2.294441e-03,6056799
cluster metric,1.000000,0.000000,2.294441e-03,6056799
cluster metric,1.000000,0.000000,2.294441e-03,6056799
cluster metric,1.000000,0.000000,2.294441e-03,6056799
cluster metric,1.000000,0.000000,2.294441e-03,6056799
cluster metric,1.000000,0.000000,2.294441e-03,6056799
cluster metric,1.000000,0.000000,2.294441e-03,6056799
cluster metric,1.000000,0.000000,2.294441e-03,6056799
cluster metric,1.000000,0.000000,2.294441e-03,6056799
cluster metric,1.000000,0.000000,2.294441e-03,6056799
cluster metric,1.000000,0.000000,2.294441e-03,6056799
cluster metric,1.000000,0.000000,2.294441e-03,6056799
cluster metric,1.000000,0.000000,2.294441e-03,6056799
cluster metric,1.000000,0.000000,2.294441e-03,6056799
cluster metric,1.000000,0.000000,2.294441e-03,6056799
cluster metric,1.000000,0.000000,2.294441e-03,6056799
cluster metric,1.000000,0.000000,2.294441e-03,6056799
cluster metric,1.000000,0.000000,2.294441e-03,6056799
cluster metric,1.000000,0.000000,2.294441e-03,6056799
cluster metric,1.000000,0.000000,2.294441e-03,6056799
cluster metric,1.000000,0.000000,2.294441e-03,6056799
cluster metric,1.000000,0.000000,2.294441e-03,6056799
cluster metric,1.000000,0.000000,2.294441e-03,6056799
cluster metric,1.000000,0.000000,2.294441e-03,6056799
cluster metric,1.000000,0.000000,2.294441e-03,6056799
cluster metric,1.000000,0.000000,2.294441e-03,6056799
cluster metric,1.000000,0.000000,2.294441e-03,6056799
cluster metric,1.000000,0.000000,2.294441e-03,6056799
cluster metric,1.000000,0.000000,2.294441e-03,6056799
cluster metric,1.000000,0.000000,2.294441e-03,6056799
cluster metric,1.000000,0.000000,2.294441e-03,6056799
cluster metric,1.000000,0.000000,2.294441e-03,6056799
cluster metric,1.000000,0.000000,2.294441e-03,6056799
cluster metric,1.000000,0.000000,2.294441e-03,6056799
cluster metric,1.000000,0.000000,2.294441e-03,6056799
cluster metric,1.000000,0.000000,2.294441e-03,6056799
cluster metric,1.000000,0.000000,2.294441e-03,6056799
cluster metric,1.000000,0.000000,2.294441e-03,6056799
cluster metric,1.000000,0.000000,2.294441e-03,6056799
cluster metric,1.000000,0.000000,2.294441e-03,6056799
cluster metric,1.000000,0.000000,2.294441e-03,6056799
cluster metric,1.000000,0.000000,2.294441e-03,6056799
cluster metric,1.000000,0.000000,2.294441e-03,6056799
cluster metric,1.000000,0.000000,2.294441e-03,6056799
cluster metric,1.000000,0.000000,2.294441e-03,6056799
cluster metric,1.000000,0.000000,2.294441e-03,6056799
cluster metric,1.000000,0.000000,2.294441e-03,6056799
cluster metric,1.000000,0.000000,2.294441e-03,6056799
cluster metric,1.000000,0.000000,2.294441e-03,6056799
cluster metric,1.000000,0.000000,2.294441e-03,6056799
cluster metric,1.000000,0.000000,2.294441e-03,6056799
cluster metric,1.000000,0.000000,2.294439e-03,6056793
cluster metric,1.000000,0.000000,2.294435e-03,6056784
cluster metric,1.000000,0.000000,2.294428e-03,6056764
cluster metric,1.000000,0.000000,2.294418e-03,6056739
cluster metric,1.000000,0.000000,2.294402e-03,6056694
cluster metric,0.999999,0.000001,2.294370e-03,6056610
cluster metric,0.999999,0.000001,2.294324e-03,6056485
cluster metric,0.999997,0.000003,2.294243e-03,6056261
cluster metric,0.999995,0.000005,2.294114e-03,6055907
cluster metric,0.999992,0.000008,2.293908e-03,6055344
cluster metric,0.999986,0.000014,2.293585e-03,6054455
cluster metric,0.999977,0.000023,2.293040e-03,6052964
cluster metric,0.999964,0.000036,2.292212e-03,6050696
cluster metric,0.999941,0.000059,2.290930e-03,6047173
cluster metric,0.999906,0.000094,2.288935e-03,6041697
cluster metric,0.999848,0.000152,2.285966e-03,6033509
cluster metric,0.999751,0.000249,2.281483e-03,6021095
cluster metric,0.999590,0.000410,2.274869e-03,6002670
cluster metric,0.999345,0.000655,2.265146e-03,5975550
cluster metric,0.998967,0.001033,2.251080e-03,5936198
cluster metric,0.998367,0.001633,2.231608e-03,5881315
cluster metric,0.997459,0.002541,2.205261e-03,5806592
cluster metric,0.996125,0.003875,2.170406e-03,5707177
cluster metric,0.994159,0.005841,2.125946e-03,5579231
cluster metric,0.991375,0.008625,2.070471e-03,5418429
cluster metric,0.987482,0.012518,2.003474e-03,5222513
cluster metric,0.982143,0.017857,1.925183e-03,4991296
cluster metric,0.975035,0.024965,1.836021e-03,4725678
cluster metric,0.965811,0.034189,1.737307e-03,4429302
cluster metric,0.954144,0.045856,1.631080e-03,4108236
cluster metric,0.939559,0.060441,1.519035e-03,3767542
cluster metric,0.921998,0.078002,1.404120e-03,3417436
cluster metric,0.901165,0.098835,1.287622e-03,3063085
cluster metric,0.876954,0.123046,1.172101e-03,2713363
cluster metric,0.849289,0.150711,1.060329e-03,2377183
cluster metric,0.818374,0.181626,9.534157e-04,2059684
cluster metric,0.784469,0.215531,8.519791e-04,1764295
cluster metric,0.747790,0.252210,7.577002e-04,1495696
cluster metric,0.709138,0.290862,6.707947e-04,1255702
cluster metric,0.668506,0.331494,5.914260e-04,1043691
cluster metric,0.627046,0.372954,5.191574e-04,859339
cluster metric,0.584748,0.415252,4.541230e-04,700985
cluster metric,0.542756,0.457244,3.962567e-04,567738
cluster metric,0.500529,0.499471,3.456875e-04,456751
cluster metric,0.460115,0.539885,2.996524e-04,363957
cluster metric,0.419915,0.580085,2.602214e-04,288450
cluster metric,0.382923,0.617077,2.239368e-04,226362
cluster metric,0.347175,0.652825,1.939078e-04,177709
cluster metric,0.312503,0.687497,1.679342e-04,138535
cluster metric,0.282392,0.717608,1.437184e-04,107135
cluster metric,0.252934,0.747066,1.242794e-04,82980
cluster metric,0.224764,0.775236,1.071248e-04,63560
cluster metric,0.202292,0.797708,9.052748e-05,48342
cluster metric,0.179310,0.820690,7.865618e-05,37231
cluster metric,0.158032,0.841968,6.767995e-05,28234
cluster metric,0.140025,0.859975,5.816303e-05,21499
cluster metric,0.125642,0.874358,4.888360e-05,16213
cluster metric,0.110003,0.889997,4.268509e-05,12395
cluster metric,0.096573,0.903427,3.675490e-05,9370
cluster metric,0.083870,0.916130,3.123340e-05,6915
cluster metric,0.076287,0.923713,2.583163e-05,5202
cluster metric,0.068118,0.931882,2.149974e-05,3866
cluster metric,0.058309,0.941691,1.901617e-05,2927
cluster metric,0.051181,0.948819,1.643137e-05,2220
cluster metric,0.043791,0.956209,1.418693e-05,1640
cluster metric,0.039445,0.960555,1.242739e-05,1294
cluster metric,0.036492,0.963508,1.051580e-05,1013
cluster metric,0.033248,0.966752,8.306083e-06,729
cluster metric,0.027791,0.972209,6.679300e-06,490
cluster metric,0.023321,0.976679,6.075276e-06,374
cluster metric,0.020917,0.979083,5.234106e-06,289
cluster metric,0.017674,0.982326,4.693904e-06,219
cluster metric,0.015976,0.984024,4.315466e-06,182
cluster metric,0.015349,0.984651,3.726873e-06,151
cluster metric,0.014348,0.985652,3.326688e-06,126
cluster metric,0.013563,0.986437,2.094712e-06,75
cluster metric,0.011770,0.988230,1.029954e-06,32
cluster metric,0.009619,0.990381,9.058032e-07,23
cluster metric,0.007550,0.992450,1.003560e-06,20
cluster metric,0.007150,0.992850,1.059651e-06,20
cluster metric,0.006585,0.993415,1.093068e-06,19
cluster metric,0.005465,0.994535,1.247638e-06,18
cluster metric,0.004820,0.995180,1.100226e-06,14
cluster metric,0.004549,0.995451,7.495332e-07,9
cluster metric,0.004451,0.995549,5.957322e-07,7
