search_depth,acceptance,ler_ratio,ler_ratio_sigma
1,0.20,0.99553,0.00488
1,0.25,1.00073,0.01087
1,0.30,1.01700,0.01613
1,0.40,0.98844,0.01327
1,0.50,0.99677,0.00498
1,0.60,1.00106,0.00337
1,0.70,1.00041,0.00277
1,0.80,0.98544,0.00282
1,0.90,0.99688,0.00070
2,0.20,0.99935,0.00000
2,0.25,0.96890,0.01718
2,0.30,0.98465,0.02022
2,0.40,0.94350,0.01531
2,0.50,0.98140,0.00641
2,0.60,0.99787,0.00446
2,0.70,0.99216,0.00385
2,0.80,0.98067,0.00322
2,0.90,0.99307,0.00099
3,0.20,0.99980,0.00845
3,0.25,0.96887,0.01718
3,0.30,1.00091,0.02161
3,0.40,0.94584,0.01583
3,0.50,0.97899,0.00800
3,0.60,0.99946,0.00571
3,0.70,0.98322,0.00409
3,0.80,0.97590,0.00339
3,0.90,0.99157,0.00105
6,0.20,1.00536,0.00845
6,0.25,1.02293,0.02430
6,0.30,1.00081,0.02933
6,0.40,0.93646,0.01837
6,0.50,0.98061,0.00942
6,0.60,0.99680,0.00702
6,0.70,0.96214,0.00503
6,0.80,0.96351,0.00381
6,0.90,0.98998,0.00118
12,0.20,0.99478,0.00845
12,0.25,0.95184,0.02706
12,0.30,0.94460,0.03159
12,0.40,0.93109,0.01948
12,0.50,0.97008,0.01122
12,0.60,0.96699,0.00768
12,0.70,0.94215,0.00598
12,0.80,0.95351,0.00443
12,0.90,0.98858,0.00127
24,0.20,0.99048,0.00976
24,0.25,0.93148,0.03112
24,0.30,0.91444,0.03267
24,0.40,0.86897,0.02073
24,0.50,0.95173,0.01182
24,0.60,0.94677,0.00818
24,0.70,0.93286,0.00635
24,0.80,0.93090,0.00509
24,0.90,0.98759,0.00137
48,0.20,0.98483,0.01463
48,0.25,0.93536,0.03131
48,0.30,0.87638,0.03418
48,0.40,0.85849,0.02215
48,0.50,0.94749,0.01195
48,0.60,0.93717,0.00845
48,0.70,0.92322,0.00663
48,0.80,0.91897,0.00560
48,0.90,0.98567,0.00145
