score,matching,acceptance,discard,logical_error_rate,errors
closed gap,standard,0.999848,0.000152,4.089899e-03,27255437
closed gap,standard,0.998665,0.001335,3.544045e-03,23589858
closed gap,standard,0.997699,0.002301,3.168443e-03,21069393
closed gap,standard,0.996827,0.003173,2.817612e-03,18720058
closed gap,standard,0.995941,0.004059,2.507913e-03,16647629
closed gap,standard,0.994755,0.005245,2.164274e-03,14349429
closed gap,standard,0.993812,0.006188,1.876790e-03,12431589
closed gap,standard,0.992829,0.007171,1.624417e-03,10749254
closed gap,standard,0.991994,0.008006,1.450374e-03,9589493
closed gap,standard,0.991338,0.008662,1.347037e-03,8900360
closed gap,standard,0.990923,0.009077,1.294242e-03,8547948
closed gap,standard,0.990516,0.009484,1.239332e-03,8181932
closed gap,standard,0.990093,0.009907,1.173422e-03,7743490
closed gap,standard,0.989575,0.010425,1.104417e-03,7284302
closed gap,standard,0.987451,0.012549,1.067833e-03,7027896
closed gap,standard,0.986944,0.013056,1.014581e-03,6673990
closed gap,standard,0.984642,0.015358,9.767174e-04,6409938
closed gap,standard,0.983738,0.016262,9.370978e-04,6144280
closed gap,standard,0.982798,0.017202,9.037630e-04,5920049
closed gap,standard,0.981636,0.018364,8.633546e-04,5648667
closed gap,standard,0.978307,0.021693,7.684826e-04,5010898
closed gap,standard,0.973262,0.026738,6.576259e-04,4265942
closed gap,standard,0.961894,0.038106,4.438354e-04,2845480
closed gap,standard,0.952957,0.047043,3.592153e-04,2281574
closed gap,standard,0.943964,0.056036,2.333974e-04,1468446
closed gap,standard,0.942270,0.057730,2.115574e-04,1328648
closed gap,standard,0.938135,0.061865,1.774948e-04,1109833
closed gap,standard,0.936404,0.063596,1.631433e-04,1018214
closed gap,standard,0.934596,0.065404,1.370445e-04,853674
closed gap,standard,0.930415,0.069585,1.167226e-04,723833
closed gap,standard,0.911766,0.088234,7.811950e-05,474733
closed gap,standard,0.886501,0.113499,4.275554e-05,252626
closed gap,standard,0.884298,0.115702,3.956867e-05,233215
closed gap,standard,0.882598,0.117402,3.547172e-05,208666
closed gap,standard,0.881264,0.118736,3.332410e-05,195736
closed gap,standard,0.879579,0.120421,3.021009e-05,177106
closed gap,standard,0.878239,0.121761,2.824696e-05,165345
closed gap,standard,0.875443,0.124557,2.603262e-05,151898
closed gap,standard,0.874025,0.125975,2.451410e-05,142806
closed gap,standard,0.871139,0.128861,2.250138e-05,130648
closed gap,standard,0.867584,0.132416,2.120975e-05,122646
closed gap,standard,0.866005,0.133995,2.009301e-05,115977
closed gap,standard,0.863661,0.136339,1.912937e-05,110116
closed gap,standard,0.855254,0.144746,1.655670e-05,94379
closed gap,standard,0.846483,0.153517,1.454441e-05,82058
closed gap,standard,0.829448,0.170552,1.214358e-05,67134
closed gap,standard,0.810302,0.189698,9.676633e-06,52261
closed gap,standard,0.788148,0.211852,7.479612e-06,39291
closed gap,standard,0.771398,0.228602,6.035078e-06,31029
closed gap,standard,0.755705,0.244295,4.673163e-06,23538
closed gap,standard,0.741363,0.258637,3.811785e-06,18835
closed gap,standard,0.725438,0.274562,3.295060e-06,15932
closed gap,standard,0.693091,0.306909,2.428174e-06,11217
closed gap,standard,0.674595,0.325405,2.067059e-06,9294
closed gap,standard,0.666016,0.333984,1.824937e-06,8101
closed gap,standard,0.657041,0.342959,1.665584e-06,7294
closed gap,standard,0.643328,0.356672,1.471135e-06,6308
closed gap,standard,0.641245,0.358755,1.406425e-06,6011
closed gap,standard,0.639276,0.360724,1.348561e-06,5746
closed gap,standard,0.636254,0.363746,1.293421e-06,5485
closed gap,standard,0.634292,0.365708,1.254133e-06,5302
closed gap,standard,0.629829,0.370171,1.197988e-06,5029
closed gap,standard,0.623082,0.376918,1.146187e-06,4760
closed gap,standard,0.618118,0.381882,1.104419e-06,4550
closed gap,standard,0.610077,0.389923,1.070528e-06,4353
closed gap,standard,0.602591,0.397409,1.050462e-06,4219
closed gap,standard,0.599313,0.400687,1.029922e-06,4114
closed gap,standard,0.589558,0.410442,1.004718e-06,3948
closed gap,standard,0.581913,0.418087,9.864626e-07,3826
closed gap,standard,0.579140,0.420860,9.740865e-07,3760
closed gap,standard,0.563058,0.436942,9.592739e-07,3600
closed gap,standard,0.549575,0.450425,9.459545e-07,3465
closed gap,standard,0.537947,0.462053,9.304218e-07,3336
closed gap,correlated,0.999848,0.000152,2.788987e-03,18586048
closed gap,correlated,0.999106,0.000894,2.433941e-03,16207952
closed gap,correlated,0.998478,0.001522,2.161433e-03,14384239
closed gap,correlated,0.997691,0.002309,1.810846e-03,12041593
closed gap,correlated,0.996890,0.003110,1.561253e-03,10373535
closed gap,correlated,0.996152,0.003848,1.346898e-03,8942661
closed gap,correlated,0.995434,0.004566,1.166148e-03,7737000
closed gap,correlated,0.994774,0.005226,1.013747e-03,6721410
closed gap,correlated,0.993983,0.006017,8.932685e-04,5917894
closed gap,correlated,0.993333,0.006667,8.100811e-04,5363274
closed gap,correlated,0.992645,0.007355,7.357671e-04,4867892
closed gap,correlated,0.991968,0.008032,6.768208e-04,4474843
closed gap,correlated,0.991394,0.008606,6.221066e-04,4110717
closed gap,correlated,0.990678,0.009322,5.776477e-04,3814188
closed gap,correlated,0.989900,0.010100,5.404947e-04,3566065
closed gap,correlated,0.989015,0.010985,4.957478e-04,3267910
closed gap,correlated,0.986027,0.013973,4.282262e-04,2814289
closed gap,correlated,0.982468,0.017532,3.696663e-04,2420666
closed gap,correlated,0.976065,0.023935,2.950853e-04,1919698
closed gap,correlated,0.974573,0.025427,2.619329e-04,1701418
closed gap,correlated,0.966773,0.033227,1.972988e-04,1271321
closed gap,correlated,0.964772,0.035228,1.790117e-04,1151099
closed gap,correlated,0.960937,0.039063,1.491207e-04,955079
closed gap,correlated,0.952654,0.047346,9.993130e-05,634517
closed gap,correlated,0.943866,0.056134,8.627191e-05,542733
closed gap,correlated,0.941983,0.058017,8.053256e-05,505616
closed gap,correlated,0.933072,0.066928,6.193326e-05,385164
closed gap,correlated,0.930653,0.069347,5.361900e-05,332593
closed gap,correlated,0.928592,0.071408,4.958951e-05,306917
closed gap,correlated,0.915597,0.084403,3.372512e-05,205809
closed gap,correlated,0.906400,0.093600,2.297690e-05,138809
closed gap,correlated,0.902710,0.097290,2.013447e-05,121142
closed gap,correlated,0.899312,0.100688,1.823840e-05,109321
closed gap,correlated,0.894240,0.105760,1.671690e-05,99636
closed gap,correlated,0.889564,0.110436,1.465923e-05,86915
closed gap,correlated,0.884003,0.115997,1.329386e-05,78327
closed gap,correlated,0.879372,0.120628,1.208237e-05,70816
closed gap,correlated,0.867135,0.132865,1.061884e-05,61372
closed gap,correlated,0.855324,0.144676,8.773651e-06,50017
closed gap,correlated,0.842906,0.157094,7.798792e-06,43814
closed gap,correlated,0.823316,0.176684,6.683944e-06,36678
closed gap,correlated,0.805126,0.194874,5.682747e-06,30495
closed gap,correlated,0.788841,0.211159,4.785172e-06,25159
closed gap,correlated,0.765575,0.234425,2.881651e-06,14704
closed gap,correlated,0.749165,0.250835,2.355577e-06,11762
closed gap,correlated,0.739838,0.260162,2.103996e-06,10375
closed gap,correlated,0.730169,0.269831,1.907269e-06,9282
closed gap,correlated,0.718049,0.281951,1.728423e-06,8272
closed gap,correlated,0.702275,0.297725,1.465584e-06,6860
closed gap,correlated,0.688316,0.311684,1.293025e-06,5932
closed gap,correlated,0.684699,0.315301,1.257783e-06,5740
closed gap,correlated,0.672397,0.327603,1.173021e-06,5257
closed gap,correlated,0.664325,0.335675,1.120649e-06,4962
closed gap,correlated,0.645894,0.354106,1.026494e-06,4419
closed gap,correlated,0.639519,0.360481,1.010919e-06,4309
closed gap,correlated,0.634267,0.365733,9.989470e-07,4223
closed gap,correlated,0.622361,0.377639,9.435661e-07,3914
closed gap,correlated,0.607632,0.392368,9.180412e-07,3718
closed gap,correlated,0.599787,0.400213,9.090372e-07,3634
closed gap,correlated,0.591091,0.408909,8.998199e-07,3545
closed gap,correlated,0.582502,0.417498,8.927402e-07,3466
closed gap,correlated,0.569975,0.430025,8.847204e-07,3361
closed gap,correlated,0.561547,0.438453,8.774264e-07,3284
Caliper,standard,0.999848,0.000152,4.089899e-03,27255437
Caliper,standard,0.999848,0.000152,4.089899e-03,27255437
Caliper,standard,0.999848,0.000152,4.089899e-03,27255437
Caliper,standard,0.999848,0.000152,4.089899e-03,27255437
Caliper,standard,0.998179,0.001821,3.370107e-03,22421193
Caliper,standard,0.996945,0.003055,2.887972e-03,19189803
Caliper,standard,0.995454,0.004546,2.427391e-03,16105243
Caliper,standard,0.994303,0.005697,2.091773e-03,13862440
Caliper,standard,0.993228,0.006772,1.808673e-03,11973349
Caliper,standard,0.992290,0.007710,1.631271e-03,10788755
Caliper,standard,0.991809,0.008191,1.549928e-03,10245805
Caliper,standard,0.991418,0.008582,1.495237e-03,9880372
Caliper,standard,0.990828,0.009172,1.414420e-03,9340777
Caliper,standard,0.990330,0.009670,1.352981e-03,8930549
Caliper,standard,0.988037,0.011963,1.291271e-03,8503488
Caliper,standard,0.987368,0.012632,1.221692e-03,8039831
Caliper,standard,0.985038,0.014962,1.176710e-03,7725539
Caliper,standard,0.984008,0.015992,1.127185e-03,7392648
Caliper,standard,0.982985,0.017015,1.088581e-03,7132047
Caliper,standard,0.981808,0.018192,1.046150e-03,6845843
Caliper,standard,0.978373,0.021627,9.462615e-04,6170525
Caliper,standard,0.972853,0.027147,8.202020e-04,5318322
Caliper,standard,0.961380,0.038620,6.062053e-04,3884375
Caliper,standard,0.952473,0.047527,5.163155e-04,3277737
Caliper,standard,0.943782,0.056218,3.932427e-04,2473652
Caliper,standard,0.941605,0.058395,3.636985e-04,2282532
Caliper,standard,0.937244,0.062756,3.230430e-04,2017993
Caliper,standard,0.934803,0.065197,2.983640e-04,1858973
Caliper,standard,0.932163,0.067837,2.642577e-04,1641821
Caliper,standard,0.927063,0.072937,2.380927e-04,1471167
Caliper,standard,0.907958,0.092042,1.941234e-04,1174762
Caliper,standard,0.882876,0.117124,1.571887e-04,924969
Caliper,standard,0.879850,0.120150,1.499754e-04,879498
Caliper,standard,0.877287,0.122713,1.421182e-04,830994
Caliper,standard,0.874637,0.125363,1.354911e-04,789851
Caliper,standard,0.871711,0.128289,1.291202e-04,750193
Caliper,standard,0.869090,0.130910,1.239911e-04,718227
Caliper,standard,0.865136,0.134864,1.183674e-04,682532
Caliper,standard,0.862141,0.137859,1.134838e-04,652106
Caliper,standard,0.857310,0.142690,1.080217e-04,617242
Caliper,standard,0.851672,0.148328,1.036195e-04,588193
Caliper,standard,0.845687,0.154313,9.839184e-05,554594
Caliper,standard,0.838518,0.161482,9.329228e-05,521392
Caliper,standard,0.826512,0.173488,8.723530e-05,480560
Caliper,standard,0.812932,0.187068,8.081082e-05,437855
Caliper,standard,0.790336,0.209664,7.447496e-05,392309
Caliper,standard,0.763998,0.236002,6.813551e-05,346954
Caliper,standard,0.737770,0.262230,6.264305e-05,308035
Caliper,standard,0.717235,0.282765,5.838922e-05,279126
Caliper,standard,0.696041,0.303959,5.440684e-05,252403
Caliper,standard,0.678561,0.321439,5.174413e-05,234022
Caliper,standard,0.656445,0.343555,4.942643e-05,216254
Caliper,standard,0.629361,0.370639,4.721189e-05,198042
Caliper,standard,0.609922,0.390078,4.549207e-05,184934
Caliper,standard,0.593683,0.406317,4.287966e-05,169673
Caliper,standard,0.579094,0.420906,4.109319e-05,158608
Caliper,standard,0.564598,0.435402,3.992481e-05,150241
Caliper,standard,0.554172,0.445828,3.873797e-05,143083
Caliper,standard,0.540409,0.459591,3.735247e-05,134539
Caliper,standard,0.522500,0.477500,3.657099e-05,127359
Caliper,standard,0.510651,0.489349,3.552600e-05,120914
Caliper,standard,0.500314,0.499686,3.479808e-05,116039
Caliper,standard,0.479551,0.520449,3.385869e-05,108221
Caliper,standard,0.462676,0.537324,3.318554e-05,102337
Caliper,standard,0.451152,0.548848,3.252943e-05,97815
Caliper,standard,0.435434,0.564566,3.168277e-05,91950
Caliper,standard,0.416067,0.583933,3.027052e-05,83944
Caliper,standard,0.387073,0.612927,2.711872e-05,69963
Caliper,standard,0.342879,0.657121,2.305715e-05,52693
Caliper,standard,0.291406,0.708594,1.907478e-05,37048
Caliper,standard,0.238865,0.761135,1.557672e-05,24799
Caliper,standard,0.208444,0.791556,1.448785e-05,20128
Caliper,correlated,0.999848,0.000152,2.788987e-03,18586048
Caliper,correlated,0.999848,0.000152,2.788987e-03,18586048
Caliper,correlated,0.999848,0.000152,2.788987e-03,18586048
Caliper,correlated,0.999848,0.000152,2.788987e-03,18586048
Caliper,correlated,0.998776,0.001224,2.288128e-03,15231933
Caliper,correlated,0.997547,0.002453,1.791609e-03,11911956
Caliper,correlated,0.996583,0.003417,1.513027e-03,10050012
Caliper,correlated,0.995540,0.004460,1.250830e-03,8299722
Caliper,correlated,0.994649,0.005351,1.068990e-03,7086794
Caliper,correlated,0.993711,0.006289,9.464324e-04,6268389
Caliper,correlated,0.992947,0.007053,8.696181e-04,5755210
Caliper,correlated,0.992055,0.007945,7.819386e-04,5170289
Caliper,correlated,0.991358,0.008642,7.163991e-04,4733605
Caliper,correlated,0.990559,0.009441,6.686348e-04,4414440
Caliper,correlated,0.989572,0.010428,6.230503e-04,4109387
Caliper,correlated,0.988591,0.011409,5.768339e-04,3800789
Caliper,correlated,0.985526,0.014474,5.072086e-04,3331662
Caliper,correlated,0.983914,0.016086,4.648522e-04,3048445
Caliper,correlated,0.975090,0.024910,3.642168e-04,2367071
Caliper,correlated,0.973112,0.026888,3.263782e-04,2116851
Caliper,correlated,0.968303,0.031697,2.853268e-04,1841451
Caliper,correlated,0.962052,0.037948,2.332715e-04,1495777
Caliper,correlated,0.957486,0.042514,1.998932e-04,1275666
Caliper,correlated,0.948786,0.051214,1.503312e-04,950657
Caliper,correlated,0.939275,0.060725,1.334642e-04,835534
Caliper,correlated,0.935882,0.064118,1.239035e-04,772878
Caliper,correlated,0.926161,0.073839,1.035065e-04,638941
Caliper,correlated,0.922393,0.077607,9.300633e-05,571788
Caliper,correlated,0.918573,0.081427,8.641941e-05,529092
Caliper,correlated,0.904300,0.095700,6.926914e-05,417502
Caliper,correlated,0.893468,0.106532,5.706165e-05,339805
Caliper,correlated,0.887663,0.112337,5.245525e-05,310344
Caliper,correlated,0.881747,0.118253,4.899295e-05,287928
Caliper,correlated,0.873604,0.126396,4.581602e-05,266771
Caliper,correlated,0.865667,0.134333,4.219885e-05,243477
Caliper,correlated,0.857213,0.142787,3.937439e-05,224962
Caliper,correlated,0.847834,0.152166,3.656410e-05,206620
Caliper,correlated,0.831332,0.168668,3.349362e-05,185585
Caliper,correlated,0.814980,0.185020,3.029555e-05,164563
Caliper,correlated,0.795080,0.204920,2.781770e-05,147414
Caliper,correlated,0.769869,0.230131,2.536476e-05,130153
Caliper,correlated,0.742685,0.257315,2.303929e-05,114046
Caliper,correlated,0.716938,0.283062,2.099964e-05,100346
Caliper,correlated,0.690873,0.309127,1.866317e-05,85939
Caliper,correlated,0.670875,0.329125,1.757126e-05,78569
Caliper,correlated,0.653911,0.346089,1.665001e-05,72567
Caliper,correlated,0.634273,0.365727,1.583090e-05,66925
Caliper,correlated,0.614012,0.385988,1.500910e-05,61424
Caliper,correlated,0.595546,0.404454,1.432167e-05,56848
Caliper,correlated,0.571966,0.428034,1.371986e-05,52303
Caliper,correlated,0.551066,0.448934,1.312801e-05,48218
Caliper,correlated,0.524845,0.475155,1.257238e-05,43980
Caliper,correlated,0.500682,0.499318,1.213272e-05,40488
Caliper,correlated,0.479181,0.520819,1.163289e-05,37153
Caliper,correlated,0.460914,0.539086,1.113757e-05,34215
Caliper,correlated,0.437171,0.562829,1.055568e-05,30757
Caliper,correlated,0.409588,0.590412,9.891038e-06,27002
Caliper,correlated,0.368205,0.631795,8.589218e-06,21079
Caliper,correlated,0.322538,0.677462,7.472510e-06,16064
Caliper,correlated,0.266168,0.733832,6.448567e-06,11440
Caliper,correlated,0.228404,0.771596,5.990134e-06,9119
Caliper,correlated,0.201087,0.798913,5.763790e-06,7725
