d,r,sampled,kept,errors,subsample_size,subsample_rate
7,1,2000000000,1332985830,5142242,3999460,0.003
7,2,2000000000,1333003734,5339463,4002112,0.003
7,3,2000000000,1333037289,5450222,3996997,0.003
7,4,2000000000,1333038330,5540029,3998235,0.003
7,6,2000000000,1333015397,5702391,3996768,0.003
7,8,2000000000,1333025056,5868291,4001477,0.003
7,10,2000000000,1333033296,6039109,3998321,0.003
7,12,2000000000,1332986931,6202792,3995923,0.003
9,1,2000000000,1333012540,5204045,3999406,0.003
9,2,2000000000,1333027470,5373396,3998385,0.003
9,3,2000000000,1332998025,5431396,3999164,0.003
9,4,2000000000,1333015732,5452886,3996449,0.003
9,6,2000000000,1333007435,5481934,3999746,0.003
9,8,2000000000,1333016603,5512867,3996230,0.003
9,10,2000000000,1333010031,5530230,3995170,0.003
9,12,2000000000,1333010641,5556660,3998655,0.003
11,1,2000000000,1333053853,5230551,4000156,0.003
11,2,2000000000,1333013549,5396931,3998886,0.003
11,3,2000000000,1333017552,5447942,4001512,0.003
11,4,2000000000,1333035707,5464020,4000345,0.003
11,6,2000000000,1333035004,5472668,3998954,0.003
11,8,2000000000,1333021103,5477633,3997243,0.003
11,10,2000000000,1333039330,5483171,3996757,0.003
11,12,2000000000,1333051461,5482207,3995777,0.003
13,1,2000000000,1333032879,5233491,4001078,0.003
13,2,2000000000,1332998019,5402370,3996396,0.003
13,3,2000000000,1332996290,5453520,3997513,0.003
13,4,2000000000,1333017211,5469458,4002419,0.003
13,6,2000000000,1333025951,5478204,3995893,0.003
13,8,2000000000,1333011055,5477437,3999392,0.003
13,10,2000000000,1332992493,5474917,3999633,0.003
13,12,2000000000,1332982917,5479103,3995444,0.003
15,1,2000000000,1332999996,5233407,3998493,0.003
15,2,2000000000,1333022109,5404212,3997495,0.003
15,3,2000000000,1333021434,5459595,3999601,0.003
15,4,2000000000,1333010424,5469915,3998876,0.003
15,6,2000000000,1333022061,5475907,3997211,0.003
15,8,2000000000,1333032487,5481692,3999768,0.003
15,10,2000000000,1333051736,5480349,4001794,0.003
15,12,2000000000,1332992942,5480229,3998617,0.003
